USE bank;

INSERT INTO `customers`
    VALUES ('911174628','IgDdbssqsmN25+pLSmeEmg==','RSi7Dd+jVXOKsY4esjWzIr60fuVi6JmIaGFFkJ/H+cI='),
      ('919006134','jqMKEKJ3gdT/DGnjZ12Mcw==','npWxi/L4/36l4o7WkgsYHIpdD30nB2ZaBf+AcGZEVmI=');

INSERT INTO phone_iban
    VALUES ('PT12345678901234567890123','911174628'),
      ('PT09876543210987654321098','919006134');

INSERT INTO accounts
VALUES ('PT12345678901234567890123',20000),
  ('PT09876543210987654321098',20000)
ON DUPLICATE KEY UPDATE accounts.balance=20000;

INSERT INTO accountmatrix values ('A', 1, 123, 'PT12345678901234567890123');
INSERT INTO accountmatrix values ('B', 1, 123, 'PT12345678901234567890123');
INSERT INTO accountmatrix values ('C', 1, 123, 'PT12345678901234567890123');
INSERT INTO accountmatrix values ('A', 2, 123, 'PT12345678901234567890123');
INSERT INTO accountmatrix values ('B', 2, 123, 'PT12345678901234567890123');
INSERT INTO accountmatrix values ('C', 2, 123, 'PT12345678901234567890123');
INSERT INTO accountmatrix values ('A', 3, 123, 'PT12345678901234567890123');
INSERT INTO accountmatrix values ('B', 3, 123, 'PT12345678901234567890123');
INSERT INTO accountmatrix values ('C', 3, 123, 'PT12345678901234567890123');


INSERT INTO accountmatrix values ('A', 1, 123, 'PT09876543210987654321098');
INSERT INTO accountmatrix values ('B', 1, 123, 'PT09876543210987654321098');
INSERT INTO accountmatrix values ('C', 1, 123, 'PT09876543210987654321098');
INSERT INTO accountmatrix values ('A', 2, 123, 'PT09876543210987654321098');
INSERT INTO accountmatrix values ('B', 2, 123, 'PT09876543210987654321098');
INSERT INTO accountmatrix values ('C', 2, 123, 'PT09876543210987654321098');
INSERT INTO accountmatrix values ('A', 3, 123, 'PT09876543210987654321098');
INSERT INTO accountmatrix values ('B', 3, 123, 'PT09876543210987654321098');
INSERT INTO accountmatrix values ('C', 3, 123, 'PT09876543210987654321098');
